{"fit_time": [0.020000696182250977, 0.020999670028686523, 0.02000141143798828], "score_time": [0.007001399993896484, 0.006999969482421875, 0.007999897003173828], "test_accuracy": [0.8217821782178217, 0.8415841584158416, 0.77], "test_f1": [0.8500000000000001, 0.8490566037735848, 0.8067226890756303]}