{"fit_time": [0.021003246307373047, 0.017967700958251953, 0.023000717163085938], "score_time": [0.007025003433227539, 0.008000373840332031, 0.005999326705932617], "test_accuracy": [0.8217821782178217, 0.8415841584158416, 0.77], "test_f1": [0.8500000000000001, 0.8490566037735848, 0.8067226890756303]}